Workbook

Sheet Capa
H1: NEXORA
H5: Consultoria Financeira
F9: PLANEJADOR DE METAS
H12: Planeje. Execute. Conquiste!

Sheet Dashboard
B1: Total de Metas | G1: Concluídas | L1: Em Andamento | Q1: Taxa de Conclusão | AA1: Não iniciada | AB1: =COUNTIF(Metas!G2:G200,"Não iniciada") -> 0 | AD1: Financeiro | AE1: =COUNTIF(Metas!C2:C200,"Financeiro") -> 0 | AG1: Alta | AH1: =COUNTIF(Metas!D2:D200,"Alta") -> 1
B2: =COUNTA(Metas!B2:B200) -> 4 | G2: =COUNTIF(Metas!G2:G200,"Concluída") -> 2 | L2: =COUNTIF(Metas!G2:G200,"Em andamento") -> 1 | Q2: =IF(COUNTA(Metas!B2:B200)=0,0,COUNTIF(Metas!G2:G200,"Concluída")/COUNTA(Metas!B2:B200)) -> 0.5 | AA2: Em andamento | AB2: =COUNTIF(Metas!G2:G200,"Em andamento") -> 1 | AD2: Estudos | AE2: =COUNTIF(Metas!C2:C200,"Estudos") -> 2 | AG2: Média | AH2: =COUNTIF(Metas!D2:D200,"Média") -> 2
AA3: Concluída | AB3: =COUNTIF(Metas!G2:G200,"Concluída") -> 2 | AD3: Trabalho | AE3: =COUNTIF(Metas!C2:C200,"Trabalho") -> 0 | AG3: Baixa | AH3: =COUNTIF(Metas!D2:D200,"Baixa") -> 1
AA4: Pausada | AB4: =COUNTIF(Metas!G2:G200,"Pausada") -> 1 | AD4: Saúde | AE4: =COUNTIF(Metas!C2:C200,"Saúde") -> 0
AD5: Pessoal | AE5: =COUNTIF(Metas!C2:C200,"Pessoal") -> 2
AD6: Outros | AE6: =COUNTIF(Metas!C2:C200,"Outros") -> 0

Sheet Metas
A1: ID | B1: Meta | C1: Categoria | D1: Prioridade | E1: Data Início | F1: Data Final | G1: Status | H1: Progresso (%) | I1: Dias Restantes | J1: Indicador | K1: Observações
A2: =IF(B2="","",ROW()-1) -> 1 | B2: Carro | C2: Pessoal | D2: Alta | F2: 46264 | G2: Em andamento | H2: =IF(B2="","",IF(G2="Concluída",1,IF(G2="Em andamento",0.5,0))) -> 0.5 | I2: =IF(F2="","",IF(G2="Concluída",0,F2-TODAY())) -> 68 | J2: =IF(F2="","",IF(G2="Concluída","CONCLUÍDA",IF(F2<TODAY(),"ATRASADA","OK"))) -> OK
A3: =IF(B3="","",ROW()-1) -> 2 | B3: Notebook | C3: Estudos | D3: Média | F3: 46188 | G3: Pausada | H3: =IF(B3="","",IF(G3="Concluída",1,IF(G3="Em andamento",0.5,0))) -> 0 | I3: =IF(F3="","",IF(G3="Concluída",0,F3-TODAY())) -> -8 | J3: =IF(F3="","",IF(G3="Concluída","CONCLUÍDA",IF(F3<TODAY(),"ATRASADA","OK"))) -> ATRASADA
A4: =IF(B4="","",ROW()-1) -> 3 | B4: Tênis | C4: Pessoal | D4: Baixa | F4: 46194 | G4: Concluída | H4: =IF(B4="","",IF(G4="Concluída",1,IF(G4="Em andamento",0.5,0))) -> 1 | I4: =IF(F4="","",IF(G4="Concluída",0,F4-TODAY())) -> 0 | J4: =IF(F4="","",IF(G4="Concluída","CONCLUÍDA",IF(F4<TODAY(),"ATRASADA","OK"))) -> CONCLUÍDA
A5: =IF(B5="","",ROW()-1) -> 4 | B5: HP 12C | C5: Estudos | D5: Média | F5: 46191 | G5: Concluída | H5: =IF(B5="","",IF(G5="Concluída",1,IF(G5="Em andamento",0.5,0))) -> 1 | I5: =IF(F5="","",IF(G5="Concluída",0,F5-TODAY())) -> 0 | J5: =IF(F5="","",IF(G5="Concluída","CONCLUÍDA",IF(F5<TODAY(),"ATRASADA","OK"))) -> CONCLUÍDA
A6: =IF(B6="","",ROW()-1) | H6: =IF(B6="","",IF(G6="Concluída",1,IF(G6="Em andamento",0.5,0))) | I6: =IF(F6="","",IF(G6="Concluída",0,F6-TODAY())) | J6: =IF(F6="","",IF(G6="Concluída","CONCLUÍDA",IF(F6<TODAY(),"ATRASADA","OK")))
A7: =IF(B7="","",ROW()-1) | H7: =IF(B7="","",IF(G7="Concluída",1,IF(G7="Em andamento",0.5,0))) | I7: =IF(F7="","",IF(G7="Concluída",0,F7-TODAY())) | J7: =IF(F7="","",IF(G7="Concluída","CONCLUÍDA",IF(F7<TODAY(),"ATRASADA","OK")))
A8: =IF(B8="","",ROW()-1) | H8: =IF(B8="","",IF(G8="Concluída",1,IF(G8="Em andamento",0.5,0))) | I8: =IF(F8="","",IF(G8="Concluída",0,F8-TODAY())) | J8: =IF(F8="","",IF(G8="Concluída","CONCLUÍDA",IF(F8<TODAY(),"ATRASADA","OK")))
A9: =IF(B9="","",ROW()-1) | H9: =IF(B9="","",IF(G9="Concluída",1,IF(G9="Em andamento",0.5,0))) | I9: =IF(F9="","",IF(G9="Concluída",0,F9-TODAY())) | J9: =IF(F9="","",IF(G9="Concluída","CONCLUÍDA",IF(F9<TODAY(),"ATRASADA","OK")))
A10: =IF(B10="","",ROW()-1) | H10: =IF(B10="","",IF(G10="Concluída",1,IF(G10="Em andamento",0.5,0))) | I10: =IF(F10="","",IF(G10="Concluída",0,F10-TODAY())) | J10: =IF(F10="","",IF(G10="Concluída","CONCLUÍDA",IF(F10<TODAY(),"ATRASADA","OK")))
A11: =IF(B11="","",ROW()-1) | H11: =IF(B11="","",IF(G11="Concluída",1,IF(G11="Em andamento",0.5,0))) | I11: =IF(F11="","",IF(G11="Concluída",0,F11-TODAY())) | J11: =IF(F11="","",IF(G11="Concluída","CONCLUÍDA",IF(F11<TODAY(),"ATRASADA","OK")))
A12: =IF(B12="","",ROW()-1) | H12: =IF(B12="","",IF(G12="Concluída",1,IF(G12="Em andamento",0.5,0))) | I12: =IF(F12="","",IF(G12="Concluída",0,F12-TODAY())) | J12: =IF(F12="","",IF(G12="Concluída","CONCLUÍDA",IF(F12<TODAY(),"ATRASADA","OK")))
A13: =IF(B13="","",ROW()-1) | H13: =IF(B13="","",IF(G13="Concluída",1,IF(G13="Em andamento",0.5,0))) | I13: =IF(F13="","",IF(G13="Concluída",0,F13-TODAY())) | J13: =IF(F13="","",IF(G13="Concluída","CONCLUÍDA",IF(F13<TODAY(),"ATRASADA","OK")))
A14: =IF(B14="","",ROW()-1) | H14: =IF(B14="","",IF(G14="Concluída",1,IF(G14="Em andamento",0.5,0))) | I14: =IF(F14="","",IF(G14="Concluída",0,F14-TODAY())) | J14: =IF(F14="","",IF(G14="Concluída","CONCLUÍDA",IF(F14<TODAY(),"ATRASADA","OK")))
A15: =IF(B15="","",ROW()-1) | H15: =IF(B15="","",IF(G15="Concluída",1,IF(G15="Em andamento",0.5,0))) | I15: =IF(F15="","",IF(G15="Concluída",0,F15-TODAY())) | J15: =IF(F15="","",IF(G15="Concluída","CONCLUÍDA",IF(F15<TODAY(),"ATRASADA","OK")))
A16: =IF(B16="","",ROW()-1) | H16: =IF(B16="","",IF(G16="Concluída",1,IF(G16="Em andamento",0.5,0))) | I16: =IF(F16="","",IF(G16="Concluída",0,F16-TODAY())) | J16: =IF(F16="","",IF(G16="Concluída","CONCLUÍDA",IF(F16<TODAY(),"ATRASADA","OK")))
A17: =IF(B17="","",ROW()-1) | H17: =IF(B17="","",IF(G17="Concluída",1,IF(G17="Em andamento",0.5,0))) | I17: =IF(F17="","",IF(G17="Concluída",0,F17-TODAY())) | J17: =IF(F17="","",IF(G17="Concluída","CONCLUÍDA",IF(F17<TODAY(),"ATRASADA","OK")))
... A200: =IF(B200="","",ROW()-1) | H200: =IF(B200="","",IF(G200="Concluída",1,IF(G200="Em andamento",0.5,0))) | I200: =IF(F200="","",IF(G200="Concluída",0,F200-TODAY())) | J200: =IF(F200="","",IF(G200="Concluída","CONCLUÍDA",IF(F200<TODAY(),"ATRASADA","OK")))

Sheet Plano de Ação
A1: Meta | B1: Ação | C1: Prazo | D1: Status | E1: Prioridade | F1: Observações

Sheet Configuração
A1: Financeiro | C1: Não iniciada
A2: Estudos | C2: Em andamento
A3: Trabalho | C3: Concluída
A4: Saúde | C4: Pausada
A5: Pessoal
A6: Outros
